AB001, 4月母親節_金萃賦活奢養組, 仙人掌籽超能量金萃油 15ml (2028-09-02), 2, 1, 1
AB001, 4月母親節_金萃賦活奢養組, 仙人掌籽超能量金萃油 5ml (2027-05-10), 5, 2, 1
AB001, 4月母親節_金萃賦活奢養組, 超能前導精華露 金燦緊實 120ml (2028-10-16), 2, 3, 1
AB001, 4月母親節_金萃賦活奢養組, 完美極萃面膜 賦活能量(五入組) (2028-08-12), 3, 4, 1
AB002, 超逆齡賦活經典組, 仙人掌籽超能量金萃油 15ml (2028-09-02), 1, 1, 1
AB002, 超逆齡賦活經典組, 超能前導精華露 金燦緊實 120ml (2028-10-16), 1, 2, 1
AB002, 超逆齡賦活經典組, 完美極萃面膜 賦活能量(五入組) (2028-08-12), 1, 3, 1
AB002, 超逆齡賦活經典組, 晶鑽仙人掌籽金萃油極緻潔顏皂 120g (2028-05-30), 1, 4, 1
AB003, 極緻潤澤經典組, 摩洛哥堅果賦活金萃油 28ml (2027-10-08), 1, 1, 1
AB003, 極緻潤澤經典組, 超能前導精華露 鎖水亮澤 120ml (2028-10-16), 1, 2, 1
AB003, 極緻潤澤經典組, 完美極萃面膜 鎖水能量(五入組) (2028-08-12), 1, 3, 1
AB003, 極緻潤澤經典組, 晶鑽摩洛哥堅果金萃油極緻潔顏皂 120g (2028-05-30), 1, 4, 1
AB004, 輕油澎彈經典組, 超級複方油 玫瑰煥顏 28ml (2027-10-08), 1, 1, 1
AB004, 輕油澎彈經典組, 超能前導精華露 金燦緊實 120ml (2028-10-16), 1, 2, 1
AB004, 輕油澎彈經典組, 完美極萃面膜 賦活能量(五入組) (2028-08-12), 1, 3, 1
AB004, 輕油澎彈經典組, 晶鑽皇家大馬士革玫瑰極緻潔顏皂 120g (2028-05-30), 1, 4, 1
AB005, 金色奢養體驗組, 摩洛哥堅果賦活金萃油 1.5ml (2029-07-16),1 , 1, 1
AB005, 金色奢養體驗組,超級複方油 莓果亮采 1.5ml (2029-07-16),1 , 2, 1
AB005, 金色奢養體驗組,超級複方油 玫瑰煥顏 1.5ml (2029-07-16),1 , 3, 1
AB005, 金色奢養體驗組,完美極萃面膜 鎖水能量(單片) (2028-08-12),1, 4, 1
AB005, 金色奢養體驗組,美體極萃油 賦活修護 4ml (2028-12-20),1, 5, 1
AB005, 金色奢養體驗組,美體極萃油 保濕透白 4ml (2028-12-20),1,6,1
AB005, 金色奢養體驗組,超能前導精華露 金燦緊實 5ml (2027-10-16),1,7,1
AB006,週年慶_曜光金萃奢養組_賦活修護,仙人掌籽超能量金萃油 15ml (2028-09-02),3,1,1
AB006,週年慶_曜光金萃奢養組_賦活修護,超能前導精華露 金燦緊實 120ml (2028-10-16),1,2,1
AB006,週年慶_曜光金萃奢養組_賦活修護,美體極萃油 賦活修護 120ml (2028-05-08),1,3,1
AB006,週年慶_曜光金萃奢養組_賦活修護,完美極萃面膜 賦活能量(五入組) (2028-08-12),3,4,1
AB006,週年慶_曜光金萃奢養組_賦活修護,晶鑽摩洛哥堅果金萃油極緻潔顏皂 120g (2028-05-30),1,5,1
AB007,週年慶_曜光金萃奢養組_保濕透白,仙人掌籽超能量金萃油 15ml (2028-09-02),3,1,1
AB007,週年慶_曜光金萃奢養組_保濕透白,超能前導精華露 金燦緊實 120ml (2028-10-16),1,2,1
AB007,週年慶_曜光金萃奢養組_保濕透白,美體極萃油 保濕透白 120ml (2028-05-08),1,3,1
AB007,週年慶_曜光金萃奢養組_保濕透白,完美極萃面膜 賦活能量(五入組) (2028-08-12),3,4,1
AB007,週年慶_曜光金萃奢養組_保濕透白,晶鑽摩洛哥堅果金萃油極緻潔顏皂 120g (2028-05-30),1,5,1
AB008,週年慶_凝光金萃逆齡組_賦活修護,仙人掌籽超能量金萃油 15ml (2028-09-02),2,1,1
AB008,週年慶_凝光金萃逆齡組_賦活修護,超能前導精華露 金燦緊實 120ml (2028-10-16),1,2,1
AB008,週年慶_凝光金萃逆齡組_賦活修護,美體極萃油 賦活修護 120ml (2028-05-08),1,3,1
AB009,週年慶_凝光金萃逆齡組_保濕透白,仙人掌籽超能量金萃油 15ml (2028-09-02),2,1,1
AB009,週年慶_凝光金萃逆齡組_保濕透白,超能前導精華露 金燦緊實 120ml (2028-10-16),1,2,1
AB009,週年慶_凝光金萃逆齡組_保濕透白,美體極萃油 保濕透白 120ml (2028-05-08),1,3,1
AB0010,週年慶_潤光柔嫩修護組_賦活修護,摩洛哥堅果賦活金萃油 28ml (2027-10-08),2,1,1
AB0010,週年慶_潤光柔嫩修護組_賦活修護,超能前導精華露 金燦緊實 120ml (2028-10-16),1,2,1
AB0010,週年慶_潤光柔嫩修護組_賦活修護,美體極萃油 賦活修護 120ml (2028-05-08),1,3,1
AB0010,週年慶_潤光柔嫩修護組_賦活修護,晶鑽摩洛哥堅果金萃油極緻潔顏皂 120g (2028-05-30),1,4,1
AB0010,週年慶_潤光柔嫩修護組_賦活修護,完美極萃面膜 透亮能量(五入組) (2028-08-12),1,5,1
AB0010,週年慶_潤光柔嫩修護組_賦活修護,完美極萃面膜 鎖水能量(五入組) (2028-08-12),1,6,1
AB0010,週年慶_潤光柔嫩修護組_賦活修護,T型按摩棒皮套組-,1,7,1
AB0011,週年慶_潤光柔嫩修護組_保濕透白,摩洛哥堅果賦活金萃油 28ml (2027-10-08),2,1,1
AB0011,週年慶_潤光柔嫩修護組_保濕透白,超能前導精華露 金燦緊實 120ml (2028-10-16),1,2,1
AB0011,週年慶_潤光柔嫩修護組_保濕透白,美體極萃油 保濕透白 120ml (2028-05-08),1,3,1
AB0011,週年慶_潤光柔嫩修護組_保濕透白,晶鑽摩洛哥堅果金萃油極緻潔顏皂 120g (2028-05-30),1,4,1
AB0011,週年慶_潤光柔嫩修護組_保濕透白,完美極萃面膜 透亮能量(五入組) (2028-08-12),1,5,1
AB0011,週年慶_潤光柔嫩修護組_保濕透白,完美極萃面膜 鎖水能量(五入組) (2028-08-12),1,6,1
AB0011,週年慶_潤光柔嫩修護組_保濕透白,T型按摩棒皮套組-,1,7,1
AB0012,週年慶_極萃馥活煥顏組_玫瑰28mlx2,超級複方油 玫瑰煥顏 28ml (2029-07-27),2,1,1
AB0012,週年慶_極萃馥活煥顏組_玫瑰28mlx2,超能前導精華露 鎖水亮澤 120ml (2028-10-16),1,2,1
AB0012,週年慶_極萃馥活煥顏組_玫瑰28mlx2,美體極萃油 保濕透白 120ml (2028-05-08),1,3,1
AB0012,週年慶_極萃馥活煥顏組_玫瑰28mlx2,晶鑽金燦薑黃蜂蜜極緻潔顏皂 120g (2028-05-30),1,4,1
AB0012,週年慶_極萃馥活煥顏組_玫瑰28mlx2,摩洛哥堅果賦活金萃油 5ml (2028-07-22),1,5,1
AB0012,週年慶_極萃馥活煥顏組_玫瑰28mlx2,超能前導精華露 金燦緊實 5ml (2027-10-16),1,6,1
AB0012,週年慶_極萃馥活煥顏組_玫瑰28mlx2,完美極萃面膜 三日驚豔組(三入組) (2028-08-12),3,7,1
AB0012,週年慶_極萃馥活煥顏組_玫瑰28mlx2,T型按摩棒皮套組-,1,8,1
AB0013,週年慶_極萃馥活煥顏組_莓果28mlx2,超級複方油 莓果亮采 28ml (2029-07-27),2,1,1
AB0013,週年慶_極萃馥活煥顏組_莓果28mlx2,超能前導精華露 鎖水亮澤 120ml (2028-10-16),1,2,1
AB0013,週年慶_極萃馥活煥顏組_莓果28mlx2,美體極萃油 保濕透白 120ml (2028-05-08),1,3,1
AB0013,週年慶_極萃馥活煥顏組_莓果28mlx2,晶鑽金燦薑黃蜂蜜極緻潔顏皂 120g (2028-05-30),1,4,1
AB0013,週年慶_極萃馥活煥顏組_莓果28mlx2,摩洛哥堅果賦活金萃油 5ml (2028-07-22),1,5,1
AB0013,週年慶_極萃馥活煥顏組_莓果28mlx2,超能前導精華露 金燦緊實 5ml (2027-10-16),1,6,1
AB0013,週年慶_極萃馥活煥顏組_莓果28mlx2,完美極萃面膜 三日驚豔組(三入組) (2028-08-12),3,7,1
AB0013,週年慶_極萃馥活煥顏組_莓果28mlx2,T型按摩棒皮套組-,1,8,1
AB0014,週年慶_極萃馥活煥顏組_玫瑰+莓果28ml各1,超級複方油 玫瑰煥顏 28ml (2029-07-27),1,1,1
AB0014,週年慶_極萃馥活煥顏組_玫瑰+莓果28ml各1,超級複方油 莓果亮采 28ml (2029-07-27),1,2,1
AB0014,週年慶_極萃馥活煥顏組_玫瑰+莓果28ml各1,超能前導精華露 鎖水亮澤 120ml (2028-10-16),1,3,1
AB0014,週年慶_極萃馥活煥顏組_玫瑰+莓果28ml各1,美體極萃油 保濕透白 120ml (2028-05-08),1,4,1
AB0014,週年慶_極萃馥活煥顏組_玫瑰+莓果28ml各1,晶鑽金燦薑黃蜂蜜極緻潔顏皂 120g (2028-05-30),1,5,1
AB0014,週年慶_極萃馥活煥顏組_玫瑰+莓果28ml各1,摩洛哥堅果賦活金萃油 5ml (2028-07-22),1,6,1
AB0014,週年慶_極萃馥活煥顏組_玫瑰+莓果28ml各1,超能前導精華露 金燦緊實 5ml (2027-10-16),1,7,1
AB0014,週年慶_極萃馥活煥顏組_玫瑰+莓果28ml各1,完美極萃面膜 三日驚豔組(三入組) (2028-08-12),3,8,1
AB0014,週年慶_極萃馥活煥顏組_玫瑰+莓果28ml各1,T型按摩棒皮套組-,1,9,1
AB0015,週年慶_全方位養膚旅行組,摩洛哥堅果賦活金萃油 5ml (2028-07-22),1,1,1
AB0015,週年慶_全方位養膚旅行組,超能前導精華露 金燦緊實 5ml (2027-10-16),1,2,1
AB0015,週年慶_全方位養膚旅行組,完美極萃面膜 三日驚豔組(三入組) (2028-08-12),1,3,1
AB0015,週年慶_全方位養膚旅行組,晶鑽摩洛哥堅果金萃油極緻潔顏皂 25g (2028-05-30),1,4,1
AB0015,週年慶_全方位養膚旅行組,晶鑽晶亮黑種草籽油極緻潔顏皂 25g (2028-05-30),1,5,1
AB0015,週年慶_全方位養膚旅行組,晶鑽煥采活性炭極緻潔顏皂 25g (2028-05-30),1,6,1
AB0015,週年慶_全方位養膚旅行組,晶鑽絕世番紅花極緻潔顏皂 25g (2028-05-30),1,7,1
AB0015,週年慶_全方位養膚旅行組,永恆翡儷經典真皮化妝包-,1,8,1
AB0015,週年慶_全方位養膚旅行組,晶潤柔膚矽膠刷-,1,9,1
